numero_pokedex,pokemon,generacion
1,Bulbasaur,I
2,Ivysaur,I
3,Venusaur,I
4,Charmander,I
5,Charmeleon,I
6,Charizard,I
7,Squirtle,I
8,Wartortle,I
9,Blastoise,I
10,Caterpie,I
11,Metapod,I
12,Butterfree,I
13,Weedle,I
14,Kakuna,I
15,Beedrill,I
16,Pidgey,I
17,Pidgeotto,I
18,Pidgeot,I
19,Rattata,I
20,Raticate,I
21,Spearow,I
22,Fearow,I
23,Ekans,I
24,Arbok,I
25,Pikachu,I
26,Raichu,I
27,Sandshrew,I
28,Sandslash,I
29,Nidoran♀,I
30,Nidorina,I
31,Nidoqueen,I
32,Nidoran♂,I
33,Nidorino,I
34,Nidoking,I
35,Clefairy,I
36,Clefable,I
37,Vulpix,I
38,Ninetales,I
39,Jigglypuff,I
40,Wigglytuff,I
41,Zubat,I
42,Golbat,I
43,Oddish,I
44,Gloom,I
45,Vileplume,I
46,Paras,I
47,Parasect,I
48,Venonat,I
49,Venomoth,I
50,Diglett,I
51,Dugtrio,I
52,Meowth,I
53,Persian,I
54,Psyduck,I
55,Golduck,I
56,Mankey,I
57,Primeape,I
58,Growlithe,I
59,Arcanine,I
60,Poliwag,I
61,Poliwhirl,I
62,Poliwrath,I
63,Abra,I
64,Kadabra,I
65,Alakazam,I
66,Machop,I
67,Machoke,I
68,Machamp,I
69,Bellsprout,I
70,Weepinbell,I
71,Victreebel,I
72,Tentacool,I
73,Tentacruel,I
74,Geodude,I
75,Graveler,I
76,Golem,I
77,Ponyta,I
78,Rapidash,I
79,Slowpoke,I
80,Slowbro,I
81,Magnemite,I
82,Magneton,I
83,Farfetch'd,I
84,Doduo,I
85,Dodrio,I
86,Seel,I
87,Dewgong,I
88,Grimer,I
89,Muk,I
90,Shellder,I
91,Cloyster,I
92,Gastly,I
93,Haunter,I
94,Gengar,I
95,Onix,I
96,Drowzee,I
97,Hypno,I
98,Krabby,I
99,Kingler,I
100,Voltorb,I
101,Electrode,I
102,Exeggcute,I
103,Exeggutor,I
104,Cubone,I
105,Marowak,I
106,Hitmonlee,I
107,Hitmonchan,I
108,Lickitung,I
109,Koffing,I
110,Weezing,I
111,Rhyhorn,I
112,Rhydon,I
113,Chansey,I
114,Tangela,I
115,Kangaskhan,I
116,Horsea,I
117,Seadra,I
118,Goldeen,I
119,Seaking,I
120,Staryu,I
121,Starmie,I
122,Mr. Mime,I
123,Scyther,I
124,Jynx,I
125,Electabuzz,I
126,Magmar,I
127,Pinsir,I
128,Tauros,I
129,Magikarp,I
130,Gyarados,I
131,Lapras,I
132,Ditto,I
133,Eevee,I
134,Vaporeon,I
135,Jolteon,I
136,Flareon,I
137,Porygon,I
138,Omanyte,I
139,Omastar,I
140,Kabuto,I
141,Kabutops,I
142,Aerodactyl,I
143,Snorlax,I
144,Articuno,I
145,Zapdos,I
146,Moltres,I
147,Dratini,I
148,Dragonair,I
149,Dragonite,I
150,Mewtwo,I
151,Mew,I
